candidate_id	event_id	field	reason_codes
hced-Abu Ageila1967-1	hced_wave8_egypt_forces_hced_abu_ageila1967_1	geometry	reviewed_battle_location_mismatch
hced-Aclea851-1	hced_wave8_danish_vikings_hced_aclea851_1	geometry	reviewed_battle_location_mismatch
hced-Afabet1988-1	hced_wave8_eritrea_hced_afabet1988_1	geometry	reviewed_battle_location_mismatch
hced-Aghdash Awkh1831-1	hced_wave8_dagestan_hced_aghdash_awkh1831_1	geometry	reviewed_battle_location_mismatch
hced-Aghdash Awkh1831-1	hced_wave8_dagestan_hced_aghdash_awkh1831_1	modern_location_country	reviewed_jurisdiction_mismatch
hced-Akhulgo1839-1	hced_wave8_dagestan_hced_akhulgo1839_1	geometry	reviewed_battle_location_mismatch
hced-Alegria1834-1	hced_wave8_spanish_liberals_hced_alegria1834_1	geometry	candidate_keyed_point_not_independently_verified
hced-Aleutians1942-1	hced_hced_aleutians1942_1	geometry	country_distribution_outlier_pending_human_review
hced-Aleutians1942-1	hced_hced_aleutians1942_1	modern_location_country	country_distribution_outlier_pending_human_review
hced-Alexandria1365-1	hced_wave8_egypt_forces_hced_alexandria1365_1	geometry	reviewed_battle_location_mismatch
hced-Amritsar1634-1	hced_wave8_sikh_punjab_hced_amritsar1634_1	geometry	reviewed_battle_location_mismatch
hced-Anandpur (2nd)1704-1	hced_wave8_punjabi_sikhs_hced_anandpur_2nd_1704_1	geometry	reviewed_battle_location_mismatch
hced-Andriba1895-1	hced_wave8_madagascar_hced_andriba1895_1	geometry	reviewed_battle_location_mismatch
hced-Anil1886-1	hced_wave8_yaqui_hced_anil1886_1	geometry	reviewed_battle_location_mismatch
hced-Antelope Hills1858-1	hced_wave8_comanches_hced_antelope_hills1858_1	geometry	reviewed_battle_location_mismatch
hced-Ap Bac1963-1	hced_label_hced_ap_bac1963_1	geometry	country_distribution_outlier_pending_human_review
hced-Ap Bac1963-1	hced_label_hced_ap_bac1963_1	modern_location_country	country_distribution_outlier_pending_human_review
hced-Apacheta1814-1	hced_wave8_peruvian_rebels_hced_apacheta1814_1	geometry	reviewed_battle_location_mismatch
hced-Argos-272-1	hced_wave8_epirus_hced_argos_272_1	geometry	reviewed_battle_location_mismatch
hced-Argos-272-1	hced_wave8_epirus_hced_argos_272_1	modern_location_country	reviewed_modern_jurisdiction_mismatch
hced-Arnay-le-Duc1570-1	hced_wave8_french_religious_forces_hced_arnay_le_duc1570_1	geometry	reviewed_battle_location_mismatch
hced-Ascalon1247-1	hced_wave8_egypt_forces_hced_ascalon1247_1	geometry	reviewed_battle_location_mismatch
hced-Asculum, Apulia-279-1	hced_wave8_epirus_hced_asculum_apulia_279_1	geometry	reviewed_battle_location_mismatch
hced-Ashdown871-1	hced_wave8_danish_vikings_hced_ashdown871_1	geometry	reviewed_battle_location_mismatch
hced-Assab1991-1	hced_wave8_eritrean_rebels_hced_assab1991_1	geometry	reviewed_battle_location_mismatch
hced-Ati1978-1	hced_wave8_chadian_rebels_hced_ati1978_1	geometry	reviewed_battle_location_mismatch
hced-Atlantic1915-1917-1	hced_hced_atlantic1915_1917_1	modern_location_country	modern_country_vocabulary_non_country_geography
hced-Atlantic1939-1945-1	hced_hced_atlantic1939_1945_1	modern_location_country	modern_country_vocabulary_non_country_geography
hced-Attu1943-1	hced_hced_attu1943_1	geometry	country_distribution_outlier_pending_human_review
hced-Attu1943-1	hced_hced_attu1943_1	modern_location_country	country_distribution_outlier_pending_human_review
hced-Augusta, Sicily1676-1	hced_hced_augusta_sicily1676_1	modern_location_country	modern_country_vocabulary_non_country_geography
hced-Auneau1587-1	hced_wave8_french_religious_forces_hced_auneau1587_1	geometry	reviewed_battle_location_mismatch
hced-Aussa1875-1	hced_wave8_egypt_forces_hced_aussa1875_1	geometry	reviewed_battle_location_mismatch
hced-Aussa1875-1	hced_wave8_egypt_forces_hced_aussa1875_1	modern_location_country	reviewed_modern_jurisdiction_mismatch
hced-Aussig1426-1	hced_wave8_hussites_hced_aussig1426_1	geometry	reviewed_battle_location_mismatch
hced-Avarayr451-1	hced_wave8_armenia_hced_avarayr451_1	geometry	reviewed_battle_location_mismatch
hced-Axholme1265-1	hced_wave8_rebel_barons_hced_axholme1265_1	geometry	reviewed_battle_location_mismatch
hced-Ayacucho1824-1	hced_wave8_peruvian_rebels_hced_ayacucho1824_1	geometry	reviewed_battle_location_mismatch
hced-Azua1844-1	hced_wave8_haiti_regimes_hced_azua1844_1	geometry	candidate_keyed_point_not_independently_verified
hced-Bach Dang1288-1	hced_wave8_vietnam_hced_bach_dang1288_1	geometry	reviewed_battle_location_mismatch
hced-Bacolod1903-1	hced_wave8_moros_hced_bacolod1903_1	geometry	reviewed_battle_location_mismatch
hced-Bad Axe1832-1	hced_wave8_sauk_hced_bad_axe1832_1	geometry	reviewed_battle_location_mismatch
hced-Baddowal1846-1	hced_wave8_sikh_punjab_hced_baddowal1846_1	geometry	reviewed_battle_location_mismatch
hced-Bagh Dera1788-1	hced_label_hced_bagh_dera1788_1	geometry	homonym_geocode_collision
hced-Bagh Dera1788-1	hced_label_hced_bagh_dera1788_1	modern_location_country	duplicate_coordinate_contradictory_country
hced-Bagh1919-1	hced_label_hced_bagh1919_1	geometry	homonym_geocode_collision
hced-Bagh1919-1	hced_label_hced_bagh1919_1	modern_location_country	duplicate_coordinate_contradictory_country
hced-Balkans1941-1	hced_hced_balkans1941_1	geometry	broad_campaign_centroid_proxy
hced-Balkans1941-1	hced_hced_balkans1941_1	modern_location_country	duplicate_coordinate_contradictory_country
hced-Balkans1944-1	hced_hced_balkans1944_1	geometry	broad_campaign_centroid_proxy
hced-Balkans1944-1	hced_hced_balkans1944_1	modern_location_country	duplicate_coordinate_contradictory_country
hced-Barentu1985-1	hced_wave8_eritrea_hced_barentu1985_1	geometry	reviewed_battle_location_mismatch
hced-Battle Creek, Texas1838-1	hced_wave8_kickapoo_hced_battle_creek_texas1838_1	geometry	reviewed_battle_location_mismatch
hced-Bayan1902-1	hced_wave8_moros_hced_bayan1902_1	geometry	reviewed_battle_location_mismatch
hced-Bear Paw Mountains1877-1	hced_wave8_nez_perce_hced_bear_paw_mountains1877_1	geometry	reviewed_battle_location_mismatch
hced-Bedford1224-1	hced_wave8_rebel_barons_hced_bedford1224_1	geometry	reviewed_battle_location_mismatch
hced-Belfast1900-1	hced_label_hced_belfast1900_1	geometry	country_distribution_outlier_pending_human_review
hced-Belfast1900-1	hced_label_hced_belfast1900_1	modern_location_country	country_distribution_outlier_pending_human_review
hced-Belfast1901-1	hced_label_hced_belfast1901_1	geometry	country_distribution_outlier_pending_human_review
hced-Belfast1901-1	hced_label_hced_belfast1901_1	modern_location_country	country_distribution_outlier_pending_human_review
hced-Beneventum-275-1	hced_wave8_epirus_hced_beneventum_275_1	geometry	reviewed_battle_location_mismatch
hced-Bir Gafgafa1967-1	hced_wave8_egypt_forces_hced_bir_gafgafa1967_1	geometry	reviewed_battle_location_mismatch
hced-Bismarck1941-1	hced_hced_bismarck1941_1	modern_location_country	modern_country_vocabulary_non_country_geography
hced-Blackwater1598-1	hced_wave8_irish_history_hced_blackwater1598_1	geometry	reviewed_battle_location_mismatch
hced-Bobe1906-1	hced_wave8_zulu_forces_hced_bobe1906_1	geometry	candidate_keyed_point_not_independently_verified
hced-Bor Pansky1420-1	hced_wave8_hussites_hced_bor_pansky1420_1	geometry	reviewed_battle_location_mismatch
hced-Bridge634-1	hced_wave8_muslim_forces_hced_bridge634_1	geometry	reviewed_battle_location_mismatch
hced-Brushy Creek1839-1	hced_wave8_comanches_hced_brushy_creek1839_1	geometry	reviewed_battle_location_mismatch
hced-Buatachive1886-1	hced_wave8_yaqui_hced_buatachive1886_1	geometry	reviewed_battle_location_mismatch
hced-Bud Bagsak1913-1	hced_wave8_moros_hced_bud_bagsak1913_1	geometry	reviewed_battle_location_mismatch
hced-Buffalo Wallow1874-1	hced_wave8_kiowa_hced_buffalo_wallow1874_1	geometry	reviewed_battle_location_mismatch
hced-Burtinah1839-1	hced_wave8_dagestan_hced_burtinah1839_1	geometry	reviewed_battle_location_mismatch
hced-Burtinah1839-1	hced_wave8_dagestan_hced_burtinah1839_1	modern_location_country	reviewed_jurisdiction_mismatch
hced-Bytham1221-1	hced_wave8_rebel_barons_hced_bytham1221_1	geometry	reviewed_battle_location_mismatch
hced-Campi Cannini457-1	hced_wave8_alemanni_hced_campi_cannini457_1	geometry	reviewed_battle_location_mismatch
hced-Campi Cannini457-1	hced_wave8_alemanni_hced_campi_cannini457_1	modern_location_country	reviewed_modern_jurisdiction_mismatch
hced-Canyon Creek1877-1	hced_wave8_nez_perce_hced_canyon_creek1877_1	geometry	reviewed_battle_location_mismatch
hced-Cape Engano1944-1	hced_hced_cape_engano1944_1	modern_location_country	modern_country_vocabulary_malformed_typo
hced-Cape St Vincent1797-1	hced_hced_cape_st_vincent1797_1	geometry	country_distribution_outlier_pending_human_review
hced-Cape St Vincent1797-1	hced_hced_cape_st_vincent1797_1	modern_location_country	country_distribution_outlier_pending_human_review
hced-Cassel1328-1	hced_wave8_flanders_hced_cassel1328_1	geometry	reviewed_battle_location_mismatch
hced-Chacaltaya1814-1	hced_wave8_peruvian_rebels_hced_chacaltaya1814_1	geometry	reviewed_battle_location_mismatch
hced-Chalons366-1	hced_wave8_alemanni_hced_chalons366_1	geometry	reviewed_battle_location_mismatch
hced-Chesterfield1266-1	hced_wave8_rebel_barons_hced_chesterfield1266_1	geometry	reviewed_battle_location_mismatch
hced-Chi Lang Pass1427-1	hced_wave8_vietnam_hced_chi_lang_pass1427_1	geometry	reviewed_battle_location_mismatch
hced-Chieveley1899-1	hced_label_hced_chieveley1899_1	modern_location_country	modern_country_vocabulary_malformed_typo
hced-Chinese Farm1973-1	hced_wave8_egypt_forces_hced_chinese_farm1973_1	geometry	reviewed_battle_location_mismatch
hced-Clastidium-222-1	hced_wave8_insubrian_gauls_hced_clastidium_222_1	geometry	reviewed_battle_location_mismatch
hced-Clearwater1877-1	hced_wave8_nez_perce_hced_clearwater1877_1	geometry	reviewed_battle_location_mismatch
hced-Clontarf1014-1	hced_wave8_irish_history_hced_clontarf1014_1	geometry	reviewed_battle_location_mismatch
hced-Clontibret1595-1	hced_wave8_irish_history_hced_clontibret1595_1	geometry	reviewed_battle_location_mismatch
hced-Coronea-447-1	hced_wave8_thebes_hced_coronea_447_1	geometry	reviewed_battle_location_mismatch
hced-Courtrai1302-1	hced_wave8_flanders_hced_courtrai1302_1	geometry	reviewed_battle_location_mismatch
hced-Coutras1587-1	hced_wave8_french_religious_forces_hced_coutras1587_1	geometry	reviewed_battle_location_mismatch
hced-Crazy Woman Creek1876-1	hced_wave8_algiers_cheyenne_hced_crazy_woman_creek1876_1	geometry	reviewed_battle_location_mismatch
hced-Crooked Creek1859-1	hced_wave8_comanche_hced_crooked_creek1859_1	geometry	reviewed_battle_location_mismatch
hced-Cuzco1537-1	hced_wave8_inca_rebels_hced_cuzco1537_1	geometry	reviewed_battle_location_mismatch
hced-Czernowitz1914-1	hced_hced_czernowitz1914_1	modern_location_country	duplicate_coordinate_contradictory_country
hced-Czernowitz1916-1	hced_hced_czernowitz1916_1	modern_location_country	duplicate_coordinate_contradictory_country
hced-Damascus1925-1	hced_wave8_druze_rebels_hced_damascus1925_1	geometry	reviewed_battle_location_mismatch
hced-Damghan1528-1	hced_wave8_uzbekistan_hced_damghan1528_1	geometry	reviewed_battle_location_mismatch
hced-Darghiyya1842-1	hced_wave8_murids_hced_darghiyya1842_1	geometry	reviewed_battle_location_mismatch
hced-Darghiyya1845-1	hced_wave8_murids_hced_darghiyya1845_1	geometry	reviewed_battle_location_mismatch
hced-Dekemhare1990-1991-1	hced_wave8_eritrean_rebels_hced_dekemhare1990_1991_1	geometry	reviewed_battle_location_mismatch
hced-Delium-424-1	hced_wave8_thebes_hced_delium_424_1	geometry	reviewed_battle_location_mismatch
hced-Dilam1902-1	hced_wave8_saudi_rashidi_hced_dilam1902_1	geometry	reviewed_battle_location_mismatch
hced-Dogger Bank1781-1	hced_label_hced_dogger_bank1781_1	modern_location_country	modern_country_vocabulary_non_country_geography
hced-Dogger Bank1915-1	hced_hced_dogger_bank1915_1	modern_location_country	modern_country_vocabulary_non_country_geography
hced-Dong-do1426-1427-1	hced_wave8_vietnam_hced_dong_do1426_1427_1	geometry	reviewed_battle_location_mismatch
hced-Dormans1575-1	hced_wave8_french_religious_forces_hced_dormans1575_1	geometry	reviewed_battle_location_mismatch
hced-Dove Creek1865-1	hced_wave8_kickapoo_hced_dove_creek1865_1	geometry	reviewed_battle_location_mismatch
hced-Dreux1562-1	hced_wave8_french_religious_forces_hced_dreux1562_1	geometry	reviewed_battle_location_mismatch
hced-Dublin (2nd)1171-1	hced_wave8_irish_history_hced_dublin_2nd_1171_1	geometry	reviewed_battle_location_mismatch
hced-Dufile1888-1	hced_wave8_egypt_forces_hced_dufile1888_1	geometry	reviewed_battle_location_mismatch
hced-Dufile1888-1	hced_wave8_egypt_forces_hced_dufile1888_1	modern_location_country	reviewed_modern_jurisdiction_mismatch
hced-Dyle891-1	hced_wave8_germany_hced_dyle891_1	geometry	reviewed_battle_location_mismatch
hced-Dysert ODea1318-1	hced_wave8_irish_history_hced_dysert_odea1318_1	geometry	reviewed_battle_location_mismatch
hced-Edessa1144-1	hced_wave8_seljuks_hced_edessa1144_1	geometry	reviewed_battle_location_mismatch
hced-Edessa1146-1	hced_wave8_seljuks_hced_edessa1146_1	geometry	reviewed_battle_location_mismatch
hced-El Numero1849-1	hced_wave8_haiti_regimes_hced_el_numero1849_1	geometry	candidate_keyed_point_not_independently_verified
hced-Empress Augusta Bay1943-1	hced_hced_empress_augusta_bay1943_1	geometry	country_distribution_outlier_pending_human_review
hced-Empress Augusta Bay1943-1	hced_hced_empress_augusta_bay1943_1	modern_location_country	country_distribution_outlier_pending_human_review
hced-Es Salt (1st)1918-1	hced_hced_es_salt_1st_1918_1	modern_location_country	duplicate_coordinate_contradictory_country
hced-Es Salt (2nd)1918-1	hced_hced_es_salt_2nd_1918_1	modern_location_country	duplicate_coordinate_contradictory_country
hced-Etchoe1760-1	hced_wave8_cherokee_hced_etchoe1760_1	geometry	reviewed_battle_location_mismatch
hced-Etchoe1761-1	hced_wave8_cherokee_hced_etchoe1761_1	geometry	reviewed_battle_location_mismatch
hced-Fano271-1	hced_wave8_alemanni_hced_fano271_1	geometry	reviewed_battle_location_mismatch
hced-Farnham893-1	hced_wave8_danish_vikings_hced_farnham893_1	geometry	reviewed_battle_location_mismatch
hced-Fatehpur1799-1	hced_wave8_rajputs_hced_fatehpur1799_1	geometry	reviewed_battle_location_mismatch
hced-Focchies1649-1	hced_label_hced_focchies1649_1	geometry	likely_latitude_longitude_swap
hced-Ford of the Biscuits1594-1	hced_wave8_irish_history_hced_ford_of_the_biscuits1594_1	geometry	reviewed_battle_location_mismatch
hced-Fort Erie (2nd)1814-1	hced_hced_fort_erie_2nd_1814_1	modern_location_country	duplicate_coordinate_contradictory_country
hced-Fort Erie1812-1	hced_hced_fort_erie1812_1	modern_location_country	duplicate_coordinate_contradictory_country
hced-Fort Erie1814-1	hced_hced_fort_erie1814_1	modern_location_country	duplicate_coordinate_contradictory_country
hced-Freeman's Farm1776-1	hced_hced_freeman_s_farm1776_1	geometry	country_distribution_outlier_pending_human_review
hced-Freeman's Farm1776-1	hced_hced_freeman_s_farm1776_1	modern_location_country	country_distribution_outlier_pending_human_review
hced-Gaza1967-1	hced_wave8_egypt_forces_hced_gaza1967_1	geometry	reviewed_battle_location_mismatch
hced-Gefrees1809-1	hced_wave8_france_bavaria_hced_gefrees1809_1	geometry	reviewed_battle_location_mismatch
hced-Gilbert Islands1943-1	hced_hced_gilbert_islands1943_1	geometry	country_distribution_outlier_pending_human_review
hced-Gilbert Islands1943-1	hced_hced_gilbert_islands1943_1	modern_location_country	country_distribution_outlier_pending_human_review
hced-Gimrah1832-1	hced_wave8_murids_hced_gimrah1832_1	geometry	reviewed_battle_location_mismatch
hced-Girgil1847-1	hced_wave8_dagestan_hced_girgil1847_1	geometry	reviewed_battle_location_mismatch
hced-Glowworm1940-1	hced_hced_glowworm1940_1	modern_location_country	modern_country_vocabulary_non_country_geography
hced-Gogra1529-1	hced_wave8_rajputs_hced_gogra1529_1	geometry	reviewed_battle_location_mismatch
hced-Groenkloof1901-1	hced_wave8_fast17_hced_groenkloof1901_1	geometry	wrong_same_name_coordinate_reviewed_source
hced-Guadalete711-1	hced_wave8_muslim_forces_hced_guadalete711_1	geometry	reviewed_battle_location_mismatch
hced-Gujrat, Pakistan1797-1	hced_wave8_sikh_punjab_hced_gujrat_pakistan1797_1	geometry	reviewed_battle_location_mismatch
hced-Gujrat, Pakistan1797-1	hced_wave8_sikh_punjab_hced_gujrat_pakistan1797_1	modern_location_country	reviewed_modern_jurisdiction_mismatch
hced-Gulina1834-1	hced_wave8_spanish_liberals_hced_gulina1834_1	geometry	candidate_keyed_point_not_independently_verified
hced-Gumburu1903-1	hced_wave8_somali_irish_sa_hced_gumburu1903_1	geometry	reviewed_battle_location_mismatch
hced-Gumburu1903-1	hced_wave8_somali_irish_sa_hced_gumburu1903_1	modern_location_country	reviewed_modern_jurisdiction_unresolved
hced-Gunib1859-1	hced_wave8_murids_hced_gunib1859_1	geometry	reviewed_battle_location_mismatch
hced-Gurdas Nangal1715-1	hced_wave8_sikh_punjab_hced_gurdas_nangal1715_1	geometry	reviewed_battle_location_mismatch
hced-Habry1422-1	hced_wave8_hussites_hced_habry1422_1	geometry	reviewed_battle_location_mismatch
hced-Han, Korea1950-1	hced_label_hced_han_korea1950_1	modern_location_country	modern_country_vocabulary_historical_or_ambiguous
hced-Hansan1592-1	hced_label_hced_hansan1592_1	modern_location_country	modern_country_vocabulary_historical_or_ambiguous
hced-Hanwella1803-1	hced_wave8_kingdom_kandy_hced_hanwella1803_1	geometry	reviewed_battle_location_mismatch
hced-Harenc1098-1	hced_wave8_muslim_forces_hced_harenc1098_1	geometry	reviewed_battle_location_mismatch
hced-Harenc1098-1	hced_wave8_muslim_forces_hced_harenc1098_1	modern_location_country	reviewed_modern_jurisdiction_unresolved
hced-Helvetia1900-1	hced_label_hced_helvetia1900_1	modern_location_country	modern_country_vocabulary_malformed_typo
hced-Heraclea, Lucania-280-1	hced_wave8_epirus_hced_heraclea_lucania_280_1	geometry	reviewed_battle_location_mismatch
hced-Hlophekhulu1888-1	hced_wave8_zulu_forces_hced_hlophekhulu1888_1	geometry	candidate_keyed_point_not_independently_verified
hced-Hofuf1913-1	hced_wave8_saudi_rashidi_hced_hofuf1913_1	geometry	reviewed_battle_location_mismatch
hced-Horice1423-1	hced_wave8_hussites_hced_horice1423_1	geometry	reviewed_battle_location_mismatch
hced-Huayna Pucara1572-1	hced_wave8_inca_rebels_hced_huayna_pucara1572_1	geometry	reviewed_battle_location_mismatch
hced-Huj1917-1	hced_hced_huj1917_1	modern_location_country	modern_country_vocabulary_malformed_typo
hced-Huon Peninsula1943-1	hced_hced_huon_peninsula1943_1	geometry	country_distribution_outlier_pending_human_review
hced-Huon Peninsula1943-1	hced_hced_huon_peninsula1943_1	modern_location_country	country_distribution_outlier_pending_human_review
hced-Illig1904-1	hced_wave8_somali_irish_sa_hced_illig1904_1	modern_location_country	reviewed_modern_jurisdiction_mismatch
hced-Inverlochy1431-1	hced_wave8_lordship_isles_hced_inverlochy1431_1	geometry	reviewed_battle_location_mismatch
hced-Issus-333-1	hced_label_hced_issus_333_1	geometry	uncertain_battle_site_and_coordinate_mismatch
hced-Ivuna1888-1	hced_wave8_zulu_forces_hced_ivuna1888_1	geometry	candidate_keyed_point_not_independently_verified
hced-Iwo Jima1945-1	hced_hced_iwo_jima1945_1	geometry	country_distribution_outlier_pending_human_review
hced-Iwo Jima1945-1	hced_hced_iwo_jima1945_1	modern_location_country	country_distribution_outlier_pending_human_review
hced-Jarnac1569-1	hced_wave8_french_religious_forces_hced_jarnac1569_1	geometry	reviewed_battle_location_mismatch
hced-Java Sea1941-1942-1	hced_hced_java_sea1941_1942_1	modern_location_country	modern_country_vocabulary_non_country_geography
hced-Jebel Libni1967-1	hced_wave8_egypt_forces_hced_jebel_libni1967_1	geometry	reviewed_battle_location_mismatch
hced-Junin1824-1	hced_wave8_peruvian_rebels_hced_junin1824_1	geometry	reviewed_battle_location_mismatch
hced-Kafr1925-1	hced_wave8_druze_rebels_hced_kafr1925_1	geometry	reviewed_battle_location_mismatch
hced-Kagoshima1863-1	hced_wave8_satsuma_hced_kagoshima1863_1	geometry	reviewed_battle_location_mismatch
hced-Kagul Lagoon1574-1	hced_label_hced_kagul_lagoon1574_1	geometry	duplicate_coordinate_semantic_mismatch
hced-Kagul Lagoon1574-1	hced_label_hced_kagul_lagoon1574_1	modern_location_country	duplicate_coordinate_contradictory_country
hced-Kagul1770-1	hced_hced_kagul1770_1	modern_location_country	duplicate_coordinate_contradictory_country
hced-Kandy1803-1	hced_wave8_kingdom_kandy_hced_kandy1803_1	geometry	reviewed_battle_location_mismatch
hced-Keren1977-1978-1	hced_wave8_eritrea_hced_keren1977_1978_1	geometry	reviewed_battle_location_mismatch
hced-Khiva1740-1	hced_wave8_uzbekistan_hced_khiva1740_1	geometry	reviewed_battle_location_mismatch
hced-Kickapoo Town1838-1	hced_wave8_kickapoo_hced_kickapoo_town1838_1	geometry	reviewed_battle_location_mismatch
hced-Kinzan1915-1	hced_wave8_saudi_rashidi_hced_kinzan1915_1	geometry	reviewed_battle_location_mismatch
hced-Komandorski Islands1943-1	hced_hced_komandorski_islands1943_1	geometry	country_distribution_outlier_pending_human_review
hced-Komandorski Islands1943-1	hced_hced_komandorski_islands1943_1	modern_location_country	country_distribution_outlier_pending_human_review
hced-Kota Bharu1941-1	hced_hced_kota_bharu1941_1	geometry	country_distribution_outlier_pending_human_review
hced-Kota Bharu1941-1	hced_hced_kota_bharu1941_1	modern_location_country	country_distribution_outlier_pending_human_review
hced-Krak de Chevaliers1271-1	hced_wave8_hospitallers_hced_krak_de_chevaliers1271_1	geometry	reviewed_battle_location_mismatch
hced-Kressenbrunn1260-1	hced_wave8_bohemia_hced_kressenbrunn1260_1	geometry	candidate_keyed_point_not_independently_verified
hced-Krusi1796-1	hced_wave8_montenegro_1796_hced_krusi1796_1	geometry	candidate_keyed_point_not_independently_verified
hced-Kudarangan1904-1	hced_wave8_moros_hced_kudarangan1904_1	geometry	reviewed_battle_location_mismatch
hced-Kumamoto1877-1	hced_wave8_satsuma_hced_kumamoto1877_1	geometry	reviewed_battle_location_mismatch
hced-Kumanovo1912-1	hced_label_hced_kumanovo1912_1	modern_location_country	modern_country_vocabulary_historical_or_ambiguous
hced-Kunduz2001-1	hced_wave8_taliban_al_qaeda_hced_kunduz2001_1	geometry	reviewed_battle_location_mismatch
hced-La Maddalena1793-1	hced_wave8_fast17_hced_la_maddalena1793_1	modern_location_country	reviewed_modern_jurisdiction_mismatch
hced-La Roche-LAbeille1569-1	hced_wave8_french_religious_forces_hced_la_roche_labeille1569_1	geometry	reviewed_battle_location_mismatch
hced-La Rochelle1625-1	hced_wave8_french_religious_forces_hced_la_rochelle1625_1	geometry	reviewed_battle_location_mismatch
hced-Lake Benacus268-1	hced_wave8_alemanni_hced_lake_benacus268_1	geometry	reviewed_battle_location_mismatch
hced-Lake Como-196-1	hced_wave8_insubrian_gauls_hced_lake_como_196_1	geometry	reviewed_battle_location_mismatch
hced-Lake Prespa1917-1	hced_hced_lake_prespa1917_1	modern_location_country	modern_country_vocabulary_historical_or_ambiguous
hced-Lake Seit1903-1	hced_wave8_moros_hced_lake_seit1903_1	geometry	reviewed_battle_location_mismatch
hced-Lake Smolino1502-1	hced_wave8_livonian_order_hced_lake_smolino1502_1	geometry	reviewed_battle_location_mismatch
hced-Lava Beds (1st)1873-1	hced_wave8_modoc_hced_lava_beds_1st_1873_1	geometry	reviewed_battle_location_mismatch
hced-Lava Beds (2nd)1873-1	hced_wave8_modoc_hced_lava_beds_2nd_1873_1	geometry	reviewed_battle_location_mismatch
hced-Leuctra-371-1	hced_wave8_thebes_hced_leuctra_371_1	geometry	reviewed_battle_location_mismatch
hced-Limerick1651-1	hced_wave8_irish_history_hced_limerick1651_1	geometry	reviewed_battle_location_mismatch
hced-Little Concho1862-1	hced_wave8_kickapoo_hced_little_concho1862_1	geometry	reviewed_battle_location_mismatch
hced-Little Rock1870-1	hced_wave8_kiowa_hced_little_rock1870_1	geometry	reviewed_battle_location_mismatch
hced-Lizard1707-1	hced_hced_lizard1707_1	geometry	country_distribution_outlier_pending_human_review
hced-Lizard1707-1	hced_hced_lizard1707_1	modern_location_country	country_distribution_outlier_pending_human_review
hced-Lochaber1429-1	hced_wave8_lordship_isles_hced_lochaber1429_1	geometry	reviewed_battle_location_mismatch
hced-Lymans Wagon Train1874-1	hced_wave8_kiowa_hced_lymans_wagon_train1874_1	geometry	reviewed_battle_location_mismatch
hced-Malala1905-1	hced_wave8_moros_hced_malala1905_1	geometry	reviewed_battle_location_mismatch
hced-Malta1798-1	hced_wave8_hospitallers_hced_malta1798_1	geometry	reviewed_battle_location_mismatch
hced-Mantinea-362-1	hced_wave8_thebes_hced_mantinea_362_1	geometry	reviewed_battle_location_mismatch
hced-Marchfeld1278-1	hced_wave8_bohemia_hced_marchfeld1278_1	geometry	candidate_keyed_point_not_independently_verified
hced-Mariana Islands1944-1	hced_hced_mariana_islands1944_1	modern_location_country	modern_country_vocabulary_non_country_geography
hced-Marqab1285-1	hced_wave8_hospitallers_hced_marqab1285_1	geometry	reviewed_battle_location_mismatch
hced-Martinici1796-1	hced_wave8_montenegro_1796_hced_martinici1796_1	geometry	candidate_keyed_point_not_independently_verified
hced-Massawa1977-1	hced_wave8_eritrean_rebels_hced_massawa1977_1	geometry	reviewed_battle_location_mismatch
hced-Massawa1990-1	hced_wave8_eritrean_rebels_hced_massawa1990_1	geometry	reviewed_battle_location_mismatch
hced-Mazar-i-Sharif2001-1	hced_wave8_taliban_al_qaeda_hced_mazar_i_sharif2001_1	geometry	reviewed_battle_location_mismatch
hced-Mazraa1925-1	hced_wave8_druze_rebels_hced_mazraa1925_1	geometry	reviewed_battle_location_mismatch
hced-Mazraa1925-1	hced_wave8_druze_rebels_hced_mazraa1925_1	modern_location_country	reviewed_modern_jurisdiction_mismatch
hced-Medina, Saudi Arabia1925-1	hced_wave8_saudi_rashidi_hced_medina_saudi_arabia1925_1	geometry	reviewed_battle_location_mismatch
hced-Megiddo-609-1	hced_wave8_egypt_forces_hced_megiddo_609_1	geometry	reviewed_battle_location_mismatch
hced-Merta1790-1	hced_wave8_rajputs_hced_merta1790_1	geometry	reviewed_battle_location_mismatch
hced-Merton871-1	hced_wave8_danish_vikings_hced_merton871_1	geometry	reviewed_battle_location_mismatch
hced-Mincio-197-1	hced_wave8_insubrian_gauls_hced_mincio_197_1	geometry	reviewed_battle_location_mismatch
hced-Mitla Pass1956-1	hced_label_hced_mitla_pass1956_1	geometry	country_distribution_outlier_pending_human_review
hced-Mitla Pass1956-1	hced_label_hced_mitla_pass1956_1	modern_location_country	country_distribution_outlier_pending_human_review
hced-Mitla Pass1967-1	hced_wave8_egypt_forces_hced_mitla_pass1967_1	geometry	reviewed_battle_location_mismatch
hced-Mome1906-1	hced_wave8_zulu_forces_hced_mome1906_1	geometry	candidate_keyed_point_not_independently_verified
hced-Moncontour1569-1	hced_wave8_french_religious_forces_hced_moncontour1569_1	geometry	reviewed_battle_location_mismatch
hced-Mons-en-Pevele1304-1	hced_wave8_flanders_hced_mons_en_pevele1304_1	geometry	reviewed_battle_location_mismatch
hced-Montauban1621-1	hced_wave8_french_religious_forces_hced_montauban1621_1	geometry	reviewed_battle_location_mismatch
hced-Monte Suella1866-1	hced_wave8_garibaldi_hced_monte_suella1866_1	geometry	reviewed_battle_location_mismatch
hced-Montgisard1177-1	hced_wave8_egypt_forces_hced_montgisard1177_1	geometry	reviewed_battle_location_mismatch
hced-Montserrat1811-1	hced_label_hced_montserrat1811_1	geometry	country_distribution_outlier_pending_human_review
hced-Montserrat1811-1	hced_label_hced_montserrat1811_1	modern_location_country	country_distribution_outlier_pending_human_review
hced-Monzon1809-1	hced_label_hced_monzon1809_1	geometry	country_distribution_outlier_pending_human_review
hced-Monzon1809-1	hced_label_hced_monzon1809_1	modern_location_country	country_distribution_outlier_pending_human_review
hced-Mopsuestia1152-1	hced_wave8_armenia_hced_mopsuestia1152_1	geometry	reviewed_battle_location_mismatch
hced-Mount Tambor1740-1	hced_wave8_yaqui_hced_mount_tambor1740_1	geometry	reviewed_battle_location_mismatch
hced-Mpukonyoni1906-1	hced_wave8_zulu_forces_hced_mpukonyoni1906_1	geometry	candidate_keyed_point_not_independently_verified
hced-Mulaydah1891-1	hced_wave8_saudi_rashidi_hced_mulaydah1891_1	geometry	reviewed_battle_location_mismatch
hced-N'Djamena1979-1	hced_wave8_chadian_rebels_hced_n_djamena1979_1	geometry	reviewed_battle_location_mismatch
hced-N'Djamena1980-1	hced_wave8_chadian_rebels_hced_n_djamena1980_1	geometry	reviewed_battle_location_mismatch
hced-Nakfa1977-1988-1	hced_wave8_eritrea_hced_nakfa1977_1988_1	geometry	reviewed_battle_location_mismatch
hced-Nebovidy1422-1	hced_wave8_hussites_hced_nebovidy1422_1	geometry	reviewed_battle_location_mismatch
hced-Nemecky Brod1422-1	hced_wave8_hussites_hced_nemecky_brod1422_1	geometry	reviewed_battle_location_mismatch
hced-Nemecky Brod1422-1	hced_wave8_hussites_hced_nemecky_brod1422_1	modern_location_country	reviewed_modern_jurisdiction_mismatch
hced-Neumarkt-St-Viet1809-1	hced_wave8_france_bavaria_hced_neumarkt_st_viet1809_1	geometry	reviewed_battle_location_mismatch
hced-Nile-47-1	hced_wave8_egypt_forces_hced_nile_47_1	geometry	reviewed_battle_location_mismatch
hced-Ningyuan1626-1	hced_wave8_manchus_hced_ningyuan1626_1	geometry	reviewed_battle_location_mismatch
hced-Nish1809-1	hced_wave8_fast17_hced_nish1809_1	geometry	reviewed_battle_location_mismatch
hced-Niumaozhai1619-1	hced_wave8_manchus_hced_niumaozhai1619_1	geometry	reviewed_battle_location_mismatch
hced-Noryang1598-1	hced_hced_noryang1598_1	modern_location_country	modern_country_vocabulary_locality_or_compound
hced-O'Connell Street1922-1	hced_wave8_somali_irish_sa_hced_o_connell_street1922_1	geometry	reviewed_battle_location_mismatch
hced-Ollantaytambo1537-1	hced_wave8_inca_rebels_hced_ollantaytambo1537_1	geometry	reviewed_battle_location_mismatch
hced-Oomuli1560-1	hced_wave8_livonian_order_hced_oomuli1560_1	geometry	reviewed_battle_location_mismatch
hced-Orthez1569-1	hced_wave8_french_religious_forces_hced_orthez1569_1	geometry	reviewed_battle_location_mismatch
hced-Paardeberg1900-1	hced_label_hced_paardeberg1900_1	modern_location_country	modern_country_vocabulary_locality_or_compound
hced-Palo Duro1874-1	hced_wave8_kiowa_hced_palo_duro1874_1	geometry	reviewed_battle_location_mismatch
hced-Pandosia-331-1	hced_wave8_epirus_hced_pandosia_331_1	geometry	reviewed_battle_location_mismatch
hced-Patan1790-1	hced_wave8_rajputs_hced_patan1790_1	geometry	reviewed_battle_location_mismatch
hced-Pavia271-1	hced_wave8_alemanni_hced_pavia271_1	geometry	reviewed_battle_location_mismatch
hced-Pearl Harbour1941-1	hced_hced_pearl_harbour1941_1	geometry	country_distribution_outlier_pending_human_review
hced-Pearl Harbour1941-1	hced_hced_pearl_harbour1941_1	modern_location_country	country_distribution_outlier_pending_human_review
hced-Perimeter (2nd)1950-1	hced_hced_perimeter_2nd_1950_1	geometry	country_distribution_outlier_pending_human_review
hced-Perimeter (2nd)1950-1	hced_hced_perimeter_2nd_1950_1	modern_location_country	country_distribution_outlier_pending_human_review
hced-Pescadores1885-1	hced_hced_pescadores1885_1	modern_location_country	duplicate_coordinate_contradictory_country
hced-Pescadores1895-1	hced_hced_pescadores1895_1	modern_location_country	duplicate_coordinate_contradictory_country
hced-Placentia271-1	hced_wave8_alemanni_hced_placentia271_1	geometry	reviewed_battle_location_mismatch
hced-Plamam Mapu1965-1	hced_label_hced_plamam_mapu1965_1	modern_location_country	modern_country_vocabulary_malformed_typo
hced-Plum Creek, Nebraska1867-1	hced_wave8_algiers_cheyenne_hced_plum_creek_nebraska1867_1	geometry	reviewed_battle_location_mismatch
hced-Plum Creek, Texas1840-1	hced_wave8_comanche_hced_plum_creek_texas1840_1	geometry	reviewed_battle_location_mismatch
hced-Poitiers1569-1	hced_wave8_french_religious_forces_hced_poitiers1569_1	geometry	reviewed_battle_location_mismatch
hced-Polotsk (2nd)1812-1	hced_wave8_france_bavaria_hced_polotsk_2nd_1812_1	geometry	reviewed_battle_location_mismatch
hced-Poncha Pass1855-1	hced_wave8_ute_hced_poncha_pass1855_1	geometry	reviewed_battle_location_mismatch
hced-Porici1420-1	hced_wave8_hussites_hced_porici1420_1	geometry	reviewed_battle_location_mismatch
hced-Pork Chop Hill1953-1	hced_hced_pork_chop_hill1953_1	modern_location_country	modern_country_vocabulary_historical_or_ambiguous
hced-Port-au-Prince1803-1	hced_wave8_haitian_rebels_hced_port_au_prince1803_1	geometry	reviewed_battle_location_mismatch
hced-Porto Praya1781-1	hced_hced_porto_praya1781_1	geometry	country_distribution_outlier_pending_human_review
hced-Porto Praya1781-1	hced_hced_porto_praya1781_1	modern_location_country	country_distribution_outlier_pending_human_review
hced-Pruth1770-1	hced_hced_pruth1770_1	modern_location_country	modern_country_vocabulary_historical_or_ambiguous
hced-Qala-i-Jangi2001-1	hced_wave8_taliban_al_qaeda_hced_qala_i_jangi2001_1	geometry	reviewed_battle_location_mismatch
hced-Raab1044-1	hced_wave8_germany_hced_raab1044_1	geometry	reviewed_battle_location_mismatch
hced-Rabat-i-Pariyan1598-1	hced_wave8_uzbekistan_hced_rabat_i_pariyan1598_1	geometry	reviewed_battle_location_mismatch
hced-Rabat-i-Pariyan1598-1	hced_wave8_uzbekistan_hced_rabat_i_pariyan1598_1	modern_location_country	reviewed_modern_jurisdiction_mismatch
hced-Rafa1967-1	hced_wave8_egypt_forces_hced_rafa1967_1	geometry	reviewed_battle_location_mismatch
hced-Rahmaniyya1786-1	hced_wave8_mamluk_egypt_hced_rahmaniyya1786_1	geometry	reviewed_battle_location_mismatch
hced-Rashaya1925-1	hced_wave8_druze_rebels_hced_rashaya1925_1	geometry	reviewed_battle_location_mismatch
hced-Rawdhat al Muhanna1906-1	hced_wave8_saudi_rashidi_hced_rawdhat_al_muhanna1906_1	geometry	reviewed_battle_location_mismatch
hced-Rennell Island1943-1	hced_hced_rennell_island1943_1	geometry	country_distribution_outlier_pending_human_review
hced-Rennell Island1943-1	hced_hced_rennell_island1943_1	modern_location_country	country_distribution_outlier_pending_human_review
hced-Reunion1810-1	hced_label_hced_reunion1810_1	modern_location_country	modern_country_vocabulary_locality_or_compound
hced-Rhodes1310-1	hced_wave8_hospitallers_hced_rhodes1310_1	geometry	reviewed_battle_location_mismatch
hced-Rhodes1480-1	hced_wave8_hospitallers_hced_rhodes1480_1	geometry	reviewed_battle_location_mismatch
hced-Rhodes1522-1	hced_wave8_hospitallers_hced_rhodes1522_1	geometry	reviewed_battle_location_mismatch
hced-Riade933-1	hced_wave8_germany_hced_riade933_1	geometry	reviewed_battle_location_mismatch
hced-Riviera1944-1	hced_hced_riviera1944_1	geometry	country_distribution_outlier_pending_human_review
hced-Riviera1944-1	hced_hced_riviera1944_1	modern_location_country	country_distribution_outlier_pending_human_review
hced-Riyadh1902-1	hced_wave8_saudi_rashidi_hced_riyadh1902_1	geometry	reviewed_battle_location_mismatch
hced-Rochester1215-1	hced_wave8_rebel_barons_hced_rochester1215_1	geometry	reviewed_battle_location_mismatch
hced-Rochester1264-1	hced_wave8_rebel_barons_hced_rochester1264_1	geometry	reviewed_battle_location_mismatch
hced-Rock River1832-1	hced_wave8_sauk_hced_rock_river1832_1	geometry	reviewed_battle_location_mismatch
hced-Rouen1562-1	hced_wave8_french_religious_forces_hced_rouen1562_1	geometry	reviewed_battle_location_mismatch
hced-Rush Springs1858-1	hced_wave8_comanche_hced_rush_springs1858_1	geometry	reviewed_battle_location_mismatch
hced-Rymenant1578-1	hced_hced_rymenant1578_1	modern_location_country	modern_country_vocabulary_locality_or_compound
hced-Sabalah1929-1	hced_wave8_saudi_rashidi_hced_sabalah1929_1	geometry	reviewed_battle_location_mismatch
hced-Sabana Larga1856-1	hced_wave8_haiti_regimes_hced_sabana_larga1856_1	geometry	candidate_keyed_point_not_independently_verified
hced-Sablat1619-1	hced_wave8_bohemia_hced_sablat1619_1	geometry	candidate_keyed_point_not_independently_verified
hced-Sachon1592-1	hced_label_hced_sachon1592_1	modern_location_country	modern_country_vocabulary_historical_or_ambiguous
hced-Sachon1598-1	hced_hced_sachon1598_1	modern_location_country	modern_country_vocabulary_historical_or_ambiguous
hced-Saints1782-1	hced_label_hced_saints1782_1	modern_location_country	source_jurisdiction_mismatch
hced-Salaita1916-1	hced_wave8_somali_irish_sa_hced_salaita1916_1	geometry	reviewed_battle_location_mismatch
hced-Samhud1799-1	hced_wave8_mamluk_egypt_hced_samhud1799_1	geometry	reviewed_battle_location_mismatch
hced-San Saba1839-1	hced_wave8_cherokee_hced_san_saba1839_1	geometry	reviewed_battle_location_mismatch
hced-Sandfontein1914-1	hced_wave8_somali_irish_sa_hced_sandfontein1914_1	geometry	wrong_same_name_coordinate_reviewed_source
hced-Sandfontein1914-1	hced_wave8_somali_irish_sa_hced_sandfontein1914_1	modern_location_country	reviewed_modern_jurisdiction_mismatch
hced-Santa Rosa Island1861-1	hced_label_hced_santa_rosa_island1861_1	geometry	country_distribution_outlier_pending_human_review
hced-Santa Rosa Island1861-1	hced_label_hced_santa_rosa_island1861_1	modern_location_country	country_distribution_outlier_pending_human_review
hced-Santo Domingo1805-1	hced_wave8_haiti_regimes_hced_santo_domingo1805_1	geometry	candidate_keyed_point_not_independently_verified
hced-Sarsa1704-1	hced_wave8_punjabi_sikhs_hced_sarsa1704_1	geometry	reviewed_battle_location_mismatch
hced-Sas van Gent1644-1	hced_label_hced_sas_van_gent1644_1	geometry	siege_site_coordinate_mismatch
hced-Sas van Gent1644-1	hced_label_hced_sas_van_gent1644_1	modern_location_country	source_jurisdiction_mismatch
hced-Schonchin Flow1873-1	hced_wave8_modoc_hced_schonchin_flow1873_1	geometry	reviewed_battle_location_mismatch
hced-Sediman1798-1	hced_wave8_mamluk_egypt_hced_sediman1798_1	geometry	reviewed_battle_location_mismatch
hced-Sendaigawa1587-1	hced_wave8_satsuma_hced_sendaigawa1587_1	geometry	reviewed_battle_location_mismatch
hced-Sens356-1	hced_wave8_alemanni_hced_sens356_1	geometry	reviewed_battle_location_mismatch
hced-Shubra Khit1798-1	hced_wave8_mamluk_egypt_hced_shubra_khit1798_1	geometry	reviewed_battle_location_mismatch
hced-Sinkat1884-1	hced_wave8_egypt_forces_hced_sinkat1884_1	geometry	reviewed_battle_location_mismatch
hced-Skalice1424-1	hced_wave8_hussites_hced_skalice1424_1	geometry	reviewed_battle_location_mismatch
hced-Slaak1631-1	hced_label_hced_slaak1631_1	geometry	battle_waterway_coordinate_mismatch
hced-Smyrna1402-1	hced_wave8_hospitallers_hced_smyrna1402_1	geometry	reviewed_battle_location_mismatch
hced-Solicinium368-1	hced_wave8_alemanni_hced_solicinium368_1	geometry	reviewed_battle_location_mismatch
hced-Solomon Forks1857-1	hced_wave8_algiers_cheyenne_hced_solomon_forks1857_1	geometry	reviewed_battle_location_mismatch
hced-St Denis, France1567-1	hced_wave8_french_religious_forces_hced_st_denis_france1567_1	geometry	reviewed_battle_location_mismatch
hced-St Jean dAngely1621-1	hced_wave8_french_religious_forces_hced_st_jean_dangely1621_1	geometry	reviewed_battle_location_mismatch
hced-St Kitts1782-1	hced_hced_st_kitts1782_1	modern_location_country	duplicate_coordinate_contradictory_country
hced-St Kitts1805-1	hced_label_hced_st_kitts1805_1	modern_location_country	duplicate_coordinate_contradictory_country
hced-St Lucia1778-1	hced_hced_st_lucia1778_1	modern_location_country	duplicate_coordinate_contradictory_country
hced-St Lucia1780-1	hced_hced_st_lucia1780_1	modern_location_country	duplicate_coordinate_contradictory_country
hced-St Lucia1794-1	hced_label_hced_st_lucia1794_1	modern_location_country	duplicate_coordinate_contradictory_country
hced-St Lucia1796-1	hced_label_hced_st_lucia1796_1	modern_location_country	duplicate_coordinate_contradictory_country
hced-St Lucia1803-1	hced_label_hced_st_lucia1803_1	modern_location_country	duplicate_coordinate_contradictory_country
hced-St Paul1809-1	hced_label_hced_st_paul1809_1	modern_location_country	modern_country_vocabulary_non_country_geography
hced-St Pierre and Miquelon1793-1	hced_label_hced_st_pierre_and_miquelon1793_1	geometry	country_distribution_outlier_pending_human_review
hced-St Pierre and Miquelon1793-1	hced_label_hced_st_pierre_and_miquelon1793_1	modern_location_country	country_distribution_outlier_pending_human_review
hced-Strathfleet1453-1	hced_wave8_lordship_isles_hced_strathfleet1453_1	geometry	reviewed_battle_location_mismatch
hced-Tabaruzaka1877-1	hced_wave8_satsuma_hced_tabaruzaka1877_1	geometry	reviewed_battle_location_mismatch
hced-Takashiro1587-1	hced_wave8_satsuma_hced_takashiro1587_1	geometry	reviewed_battle_location_mismatch
hced-Tamatave1845-1	hced_wave8_madagascar_hced_tamatave1845_1	geometry	reviewed_battle_location_mismatch
hced-Tamatave1883-1	hced_wave8_madagascar_hced_tamatave1883_1	geometry	reviewed_battle_location_mismatch
hced-Tananarive1895-1	hced_wave8_madagascar_hced_tananarive1895_1	geometry	reviewed_battle_location_mismatch
hced-Tapae101-1	hced_wave8_dacia_hced_tapae101_1	geometry	reviewed_battle_location_mismatch
hced-Tapae88-1	hced_wave8_dacia_hced_tapae88_1	geometry	reviewed_battle_location_mismatch
hced-Tara980-1	hced_wave8_irish_history_hced_tara980_1	geometry	reviewed_battle_location_mismatch
hced-Taraori1191-1	hced_wave8_rajputs_hced_taraori1191_1	geometry	reviewed_battle_location_mismatch
hced-Taraori1192-1	hced_wave8_rajputs_hced_taraori1192_1	geometry	reviewed_battle_location_mismatch
hced-Tatishchevo1774-1	hced_wave8_cossack_hced_tatishchevo1774_1	geometry	wrong_same_name_coordinate_reviewed_source
hced-Tegyra-375-1	hced_wave8_thebes_hced_tegyra_375_1	geometry	reviewed_battle_location_mismatch
hced-Telamon-225-1	hced_wave8_insubrian_gauls_hced_telamon_225_1	geometry	reviewed_battle_location_mismatch
hced-Thang Long1258-1	hced_wave8_vietnam_hced_thang_long1258_1	geometry	reviewed_battle_location_mismatch
hced-Thang Long1789-1	hced_wave8_vietnam_hced_thang_long1789_1	geometry	reviewed_battle_location_mismatch
hced-Thebes-335-1	hced_wave8_thebes_hced_thebes_335_1	geometry	reviewed_battle_location_mismatch
hced-Thessalonica1224-1	hced_wave8_epirus_hced_thessalonica1224_1	geometry	reviewed_battle_location_mismatch
hced-Tigranocerta-69-1	hced_wave8_armenia_hced_tigranocerta_69_1	geometry	reviewed_battle_location_mismatch
hced-Toppenish1855-1	hced_wave8_yakima_hced_toppenish1855_1	geometry	reviewed_battle_location_mismatch
hced-Tora Bora2001-1	hced_wave8_taliban_al_qaeda_hced_tora_bora2001_1	geometry	reviewed_battle_location_mismatch
hced-Torata1823-1	hced_wave8_peruvian_rebels_hced_torata1823_1	geometry	reviewed_battle_location_mismatch
hced-Torbat-i-Jam1528-1	hced_wave8_uzbekistan_hced_torbat_i_jam1528_1	geometry	reviewed_battle_location_mismatch
hced-Toshimitsu1587-1	hced_wave8_satsuma_hced_toshimitsu1587_1	geometry	reviewed_battle_location_mismatch
hced-Tot-dong1426-1	hced_wave8_vietnam_hced_tot_dong1426_1	geometry	reviewed_battle_location_mismatch
hced-Tripoli, Libya1551-1	hced_wave8_hospitallers_hced_tripoli_libya1551_1	geometry	reviewed_battle_location_mismatch
hced-Tristan de Cunha1815-1	hced_hced_tristan_de_cunha1815_1	geometry	country_distribution_outlier_pending_human_review
hced-Tristan de Cunha1815-1	hced_hced_tristan_de_cunha1815_1	modern_location_country	country_distribution_outlier_pending_human_review
hced-Tsarasoatra1895-1	hced_wave8_madagascar_hced_tsarasoatra1895_1	geometry	reviewed_battle_location_mismatch
hced-Turabah1919-1	hced_wave8_saudi_rashidi_hced_turabah1919_1	geometry	reviewed_battle_location_mismatch
hced-Umm Urdhumah1929-1	hced_wave8_saudi_rashidi_hced_umm_urdhumah1929_1	geometry	reviewed_battle_location_mismatch
hced-Unayzah1904-1	hced_wave8_saudi_rashidi_hced_unayzah1904_1	geometry	reviewed_battle_location_mismatch
hced-Union Gap1855-1	hced_wave8_yakima_hced_union_gap1855_1	geometry	reviewed_battle_location_mismatch
hced-Vaal Kranz1900-1	hced_wave8_fast17_hced_vaal_kranz1900_1	geometry	wrong_same_name_coordinate_reviewed_source
hced-Vergt1562-1	hced_wave8_french_religious_forces_hced_vergt1562_1	geometry	reviewed_battle_location_mismatch
hced-Vertieres1803-1	hced_wave8_haitian_rebels_hced_vertieres1803_1	geometry	reviewed_battle_location_mismatch
hced-Vijaya1471-1	hced_wave8_vietnam_hced_vijaya1471_1	geometry	reviewed_battle_location_mismatch
hced-Villa Glori1867-1	hced_wave8_garibaldi_hced_villa_glori1867_1	geometry	reviewed_battle_location_mismatch
hced-Vitkov Hill1420-1	hced_wave8_hussites_hced_vitkov_hill1420_1	geometry	reviewed_battle_location_mismatch
hced-Vladar1421-1	hced_wave8_hussites_hced_vladar1421_1	geometry	reviewed_battle_location_mismatch
hced-Vysehrad1420-1	hced_wave8_hussites_hced_vysehrad1420_1	geometry	reviewed_battle_location_mismatch
hced-Wake1941-1	hced_hced_wake1941_1	geometry	country_distribution_outlier_pending_human_review
hced-Wake1941-1	hced_hced_wake1941_1	modern_location_country	country_distribution_outlier_pending_human_review
hced-Walkers Creek1844-1	hced_wave8_comanche_hced_walkers_creek1844_1	geometry	reviewed_battle_location_mismatch
hced-Waynesborough, Georgia1864-1	hced_label_hced_waynesborough_georgia1864_1	geometry	copied_waynesboro_virginia_coordinate
hced-White Bird Canyon1877-1	hced_wave8_nez_perce_hced_white_bird_canyon1877_1	geometry	reviewed_battle_location_mismatch
hced-White Mountain1620-1	hced_wave8_bohemia_hced_white_mountain1620_1	geometry	candidate_keyed_point_not_independently_verified
hced-White River1879-1	hced_wave8_ute_hced_white_river1879_1	geometry	reviewed_battle_location_mismatch
hced-Whitehaven1778-1	hced_hced_whitehaven1778_1	geometry	country_distribution_outlier_pending_human_review
hced-Whitehaven1778-1	hced_hced_whitehaven1778_1	modern_location_country	country_distribution_outlier_pending_human_review
hced-Wisconsin Heights1832-1	hced_wave8_sauk_hced_wisconsin_heights1832_1	geometry	reviewed_battle_location_mismatch
hced-Xiaoling1631-1	hced_wave8_manchus_hced_xiaoling1631_1	geometry	reviewed_battle_location_mismatch
hced-Zand1900-1	hced_label_hced_zand1900_1	modern_location_country	modern_country_vocabulary_historical_or_ambiguous
hced-Zatec1421-1	hced_wave8_hussites_hced_zatec1421_1	geometry	reviewed_battle_location_mismatch
hced-Zhovnyne1638-1	hced_wave8_cossack_hced_zhovnyne1638_1	geometry	reviewed_battle_location_mismatch
hced-Zieriksee1304-1	hced_wave8_flanders_hced_zieriksee1304_1	geometry	reviewed_battle_location_mismatch
hced-al, Damietta1218-1219-1	hced_wave8_egypt_forces_hced_al_damietta1218_1219_1	geometry	reviewed_battle_location_mismatch
